<?xml version="1.0" encoding="UTF-8"?>
<rss version="2.0" xmlns:atom="http://www.w3.org/2005/Atom">
  <channel>
    <title>砀山中学高二年级邵思远的参赛作品-班级网站</title>
    <description>砀山中学高二年级邵思远的参赛作品-班级网站.</description>
    <link>http://dangzhongwebsite.github.io/</link>
    <atom:link href="http://dangzhongwebsite.github.io/zfeed.xml" rel="self" type="application/rss+xml"/>
    <pubDate>2018-03-14 06:13:54 +0800</pubDate>
    <lastBuildDate>2018-03-14 06:13:54 +0800</lastBuildDate>
    <generator>Jekyll v</generator>
    
      <item>
        <title>作品介绍</title>
        <description>&lt;ul id=&quot;markdown-toc&quot;&gt;
  &lt;li&gt;&lt;a href=&quot;#section&quot;&gt;个人信息&lt;/a&gt;&lt;/li&gt;
  &lt;li&gt;&lt;a href=&quot;#section-1&quot;&gt;创作思想&lt;/a&gt;&lt;/li&gt;
  &lt;li&gt;&lt;a href=&quot;#section-2&quot;&gt;创作过程&lt;/a&gt;&lt;/li&gt;
  &lt;li&gt;&lt;a href=&quot;#section-3&quot;&gt;作品原创&lt;/a&gt;&lt;/li&gt;
  &lt;li&gt;&lt;a href=&quot;#section-4&quot;&gt;参考资源&lt;/a&gt;&lt;/li&gt;
  &lt;li&gt;&lt;a href=&quot;#section-5&quot;&gt;制作软件及运行环境&lt;/a&gt;&lt;/li&gt;
&lt;/ul&gt;

&lt;hr /&gt;

&lt;h3 id=&quot;section&quot;&gt;个人信息&lt;/h3&gt;
&lt;p&gt;姓名:	邵思远&lt;/p&gt;

&lt;p&gt;邮箱:	3402767530@qq.com&lt;/p&gt;

&lt;p&gt;班级:	砀山中学高二年级&lt;/p&gt;

&lt;hr /&gt;
&lt;p&gt;网站登录: &lt;a href=&quot;https://github.com/&quot;&gt;Github&lt;/a&gt;&lt;/p&gt;

&lt;p&gt;查看网站源代码: &lt;a href=&quot;https://github.com/dangzhongwebsite/dangzhongwebsite.github.io&quot;&gt;github.com/dangzhongwebsite&lt;/a&gt;&lt;/p&gt;

&lt;p&gt;说明: 源代码无法直接显示出网页效果, 需要使用Jekyll软件制作成网页后再使用, 或者将源代码托管在Github Pages上直接在线&lt;a href=&quot;https://dangzhongwebsite.github.io&quot;&gt;访问&lt;/a&gt;.&lt;/p&gt;

&lt;p&gt;下载:[&lt;a href=&quot;/邵思远的参赛作品-班级网站电脑制作.doc&quot;&gt;邵思远的参赛作品-班级网站Word文档&lt;/a&gt;, &lt;a href=&quot;https://codeload.github.com/dangzhongwebsite/dangzhongwebsite.github.io/zip/master&quot;&gt;网站源代码&lt;/a&gt;]&lt;/p&gt;

&lt;hr /&gt;

&lt;!--more--&gt;

&lt;h3 id=&quot;section-1&quot;&gt;创作思想&lt;/h3&gt;

&lt;ul&gt;
  &lt;li&gt;本作品以创建新时代特色班级为引领，利用网络技术进一步提高班级管理的文化品位，建设优良班集体，充分鼓励学生自我管理、自我发展，激发学生的创造力和团结协作意识，增强集体荣誉感，树立良好的班风、学风，将学校整体的素质教育与学生自我发展推向新的台阶。&lt;/li&gt;
  &lt;li&gt;班级网站是一个展示、记录、交流与沟通的网络平台，在班级网站上展示我班同学的风采，记录每个成员的活动点滴，这不仅是同学之间的交流平台和网上家园，也是家长与班主任、任课教师之间方便无障碍的沟通渠道&lt;/li&gt;
&lt;/ul&gt;

&lt;hr /&gt;

&lt;h3 id=&quot;section-2&quot;&gt;创作过程&lt;/h3&gt;
&lt;ul&gt;
  &lt;li&gt;创作技术和技巧：本作品使用当前最热门的静态网页生成软件Jekyll来生成，通过使用流行的Markdown文本标记语言，同学们不需要丰富的网页开发经验以及网页开发工具就可以在班级网站上进行发帖，管理网站。发帖方法: 在&lt;code&gt;_posts&lt;/code&gt;文件夹里新建以&lt;code&gt;md&lt;/code&gt;结尾的文本文件(如:&lt;code&gt;2018-03-13-作品介绍.md&lt;/code&gt;), 然后在&lt;code&gt;md&lt;/code&gt;文件里按照Markdown语言格式编写帖子。&lt;/li&gt;
  &lt;li&gt;作品特色：本作品已经上线, 网址为:&lt;a href=&quot;https://dangzhongwebsite.github.io&quot;&gt;dangzhongwebsite.github.io&lt;/a&gt;，使用Github网站进行开源托管，每位班级同学都可以方便的登录网站并发帖评论。&lt;/li&gt;
&lt;/ul&gt;

&lt;hr /&gt;

&lt;h3 id=&quot;section-3&quot;&gt;作品原创&lt;/h3&gt;
&lt;ul&gt;
  &lt;li&gt;访问本网站的游客可以通过注册Discus账号对帖子进行评论，同学同样可以进行回复。&lt;/li&gt;
  &lt;li&gt;本作品通过使用&lt;a href=&quot;https://www.revolvermaps.com&quot;&gt;Revolvermaps网站&lt;/a&gt;的插件，提供了游客数量统计和地理位置显示，激发同学们发帖的兴趣，为同学们提供乐趣。&lt;/li&gt;
&lt;/ul&gt;

&lt;hr /&gt;

&lt;h3 id=&quot;section-4&quot;&gt;参考资源&lt;/h3&gt;
&lt;ul&gt;
  &lt;li&gt;本作品参考了Github网站上的一个网页主题模板：&lt;a href=&quot;https://github.com/yulijia/freshman21/&quot;&gt;Freshman21&lt;/a&gt;&lt;/li&gt;
  &lt;li&gt;在网页实现上，作品使用了&lt;a href=&quot;http://wowubuntu.com/markdown/&quot;&gt;Markdown标记语言&lt;/a&gt;&lt;/li&gt;
  &lt;li&gt;作品部分使用了HTML语言:&lt;a href=&quot;http://www.w3school.com.cn/html/index.asp&quot;&gt;HTML教程&lt;/a&gt;&lt;/li&gt;
  &lt;li&gt;为静态网页添加评论: &lt;a href=&quot;http://blog.csdn.net/ljinddlj/article/details/52273652&quot;&gt;Discus教程&lt;/a&gt;&lt;/li&gt;
  &lt;li&gt;在网站托管上, 我们选择Github, 具体托管方法参考:&lt;a href=&quot;http://www.cnblogs.com/purediy/archive/2013/03/07/2948892.html&quot;&gt;通过GitHub Pages建立个人站点&lt;/a&gt;&lt;/li&gt;
&lt;/ul&gt;

&lt;hr /&gt;

&lt;h3 id=&quot;section-5&quot;&gt;制作软件及运行环境&lt;/h3&gt;

&lt;p&gt;本作品使用了Jekyll技术来生成网站，网页使用了Markdown标记语言，作品已上线并托管在Github上，访问者可以使用常用的浏览器（如Internet Explorer, 360浏览器，搜狗浏览器和Google Chrome浏览器）打开；本作品可以运行在Windows系统，Linux系统以及苹果系统下。&lt;/p&gt;
</description>
        <pubDate>2018-03-13 00:00:00 +0800</pubDate>
        <link>http://dangzhongwebsite.github.io/学生风采/2018/03/13/%E4%BD%9C%E5%93%81%E4%BB%8B%E7%BB%8D.html</link>
        <guid isPermaLink="true">http://dangzhongwebsite.github.io/学生风采/2018/03/13/%E4%BD%9C%E5%93%81%E4%BB%8B%E7%BB%8D.html</guid>
        
        <category>学生风采</category>
        
        
        <category>学生风采</category>
        
      </item>
    
      <item>
        <title>班级成员</title>
        <description>&lt;h3 id=&quot;section&quot;&gt;寄语&lt;/h3&gt;
&lt;p&gt;&lt;code&gt;博学之，审问之，慎思之，明辨之，笃行之&lt;/code&gt;&lt;/p&gt;

&lt;h3 id=&quot;section-1&quot;&gt;班级组成&lt;/h3&gt;

&lt;ul&gt;
  &lt;li&gt;班长: 韩梅梅&lt;/li&gt;
  &lt;li&gt;学习委员: 韩梅梅&lt;/li&gt;
  &lt;li&gt;生活委员: Lucy&lt;/li&gt;
  &lt;li&gt;卫生委员: Lily&lt;/li&gt;
  &lt;li&gt;课代表: 李雷&lt;/li&gt;
  &lt;li&gt;学生: &lt;a href=&quot;https://dangzhongwebsite.github.io/%E5%AD%A6%E7%94%9F%E9%A3%8E%E9%87%87/2018/03/09/%E5%AD%A6%E7%94%9F%E9%A3%8E%E9%87%87-%E9%9F%A9%E6%A2%85%E6%A2%85.html&quot;&gt;韩梅梅&lt;/a&gt;, &lt;a href=&quot;https://dangzhongwebsite.github.io/%E5%AD%A6%E7%94%9F%E9%A3%8E%E9%87%87/2018/03/06/%E5%AD%A6%E7%94%9F%E9%A3%8E%E9%87%87-%E6%9D%8E%E9%9B%B7.html&quot;&gt;李雷&lt;/a&gt;, &lt;a href=&quot;https://dangzhongwebsite.github.io/%E5%AD%A6%E7%94%9F%E9%A3%8E%E9%87%87/2018/03/05/%E5%AD%A6%E7%94%9F%E9%A3%8E%E9%87%87-Lucy.html&quot;&gt;Lucy&lt;/a&gt;, Lily
&lt;!--more--&gt;&lt;/li&gt;
&lt;/ul&gt;

</description>
        <pubDate>2018-03-12 00:00:00 +0800</pubDate>
        <link>http://dangzhongwebsite.github.io/学生风采/2018/03/12/%E7%A0%80%E5%B1%B1%E4%B8%AD%E5%AD%A6%E9%AB%98%E4%BA%8C%E7%8F%AD%E7%BA%A7%E6%88%90%E5%91%98.html</link>
        <guid isPermaLink="true">http://dangzhongwebsite.github.io/学生风采/2018/03/12/%E7%A0%80%E5%B1%B1%E4%B8%AD%E5%AD%A6%E9%AB%98%E4%BA%8C%E7%8F%AD%E7%BA%A7%E6%88%90%E5%91%98.html</guid>
        
        <category>学生风采</category>
        
        
        <category>学生风采</category>
        
      </item>
    
      <item>
        <title>2017年度优秀学生公示</title>
        <description>&lt;p&gt;经个人申请、班级评议、年级复审，并通过学校奖学金工作小组审核，推荐韩梅梅等4名同学作为优秀奖学金获得者.&lt;/p&gt;

&lt;ul&gt;
  &lt;li&gt;优秀班干部: 韩梅梅&lt;/li&gt;
  &lt;li&gt;三好学生: 李雷&lt;/li&gt;
  &lt;li&gt;语言进步奖: Lucy, Lily&lt;/li&gt;
&lt;/ul&gt;

&lt;p&gt;&lt;img src=&quot;https://i.imgur.com/EdMK3OQ.jpg&quot; alt=&quot;Imgur&quot; /&gt;
&lt;!--more--&gt;&lt;/p&gt;
</description>
        <pubDate>2018-03-11 00:00:00 +0800</pubDate>
        <link>http://dangzhongwebsite.github.io/公示/2018/03/11/%E4%BC%98%E7%A7%80%E5%AD%A6%E7%94%9F.html</link>
        <guid isPermaLink="true">http://dangzhongwebsite.github.io/公示/2018/03/11/%E4%BC%98%E7%A7%80%E5%AD%A6%E7%94%9F.html</guid>
        
        <category>公示</category>
        
        
        <category>公示</category>
        
      </item>
    
      <item>
        <title> [学生风采]-韩梅梅</title>
        <description>&lt;h3 id=&quot;section&quot;&gt;韩梅梅简介&lt;/h3&gt;
&lt;p&gt;&lt;img src=&quot;https://i.imgur.com/VnI91YQ.jpg&quot; alt=&quot;Imgur&quot; /&gt;
- 兴趣爱好: 摄影, 音乐, 古典小说, 绘画, 诗词赏析
- 座右铭: 书山有路勤为径，学海无崖苦作舟
- 旅行摄影作品展览
&lt;!--more--&gt;&lt;/p&gt;

&lt;p&gt;&lt;script type=&quot;math/tex&quot;&gt;\downarrow&lt;/script&gt; 山中的屋
&lt;img src=&quot;http://i.imgur.com/VMyQpGV.jpg&quot; alt=&quot;Imgur&quot; /&gt;
&lt;script type=&quot;math/tex&quot;&gt;\downarrow&lt;/script&gt; 喷泉
&lt;img src=&quot;http://i.imgur.com/ufGvkSp.jpg&quot; alt=&quot;喷泉&quot; /&gt;
&lt;script type=&quot;math/tex&quot;&gt;\downarrow&lt;/script&gt; 明日黄花
&lt;img src=&quot;http://i.imgur.com/CsQ9MNE.jpg&quot; alt=&quot;黄花&quot; /&gt;
&lt;script type=&quot;math/tex&quot;&gt;\downarrow&lt;/script&gt; 蕨类植物
&lt;img src=&quot;http://i.imgur.com/CwfwKzu.jpg&quot; alt=&quot;Imgur&quot; /&gt;
&lt;script type=&quot;math/tex&quot;&gt;\downarrow&lt;/script&gt; 车水马龙
&lt;img src=&quot;http://i.imgur.com/zQnBClw.jpg&quot; alt=&quot;Imgur&quot; /&gt;
&lt;script type=&quot;math/tex&quot;&gt;\downarrow&lt;/script&gt; 湖光
&lt;img src=&quot;http://i.imgur.com/YkwpL8k.jpg&quot; alt=&quot;Imgur&quot; /&gt;&lt;/p&gt;

</description>
        <pubDate>2018-03-09 00:00:00 +0800</pubDate>
        <link>http://dangzhongwebsite.github.io/学生风采/2018/03/09/%5B%E5%AD%A6%E7%94%9F%E9%A3%8E%E9%87%87%5D-%E9%9F%A9%E6%A2%85%E6%A2%85.html</link>
        <guid isPermaLink="true">http://dangzhongwebsite.github.io/学生风采/2018/03/09/%5B%E5%AD%A6%E7%94%9F%E9%A3%8E%E9%87%87%5D-%E9%9F%A9%E6%A2%85%E6%A2%85.html</guid>
        
        <category>学生风采</category>
        
        
        <category>学生风采</category>
        
      </item>
    
      <item>
        <title> [学生风采]-李雷</title>
        <description>&lt;h3 id=&quot;section&quot;&gt;李雷简介&lt;/h3&gt;
&lt;p&gt;&lt;img src=&quot;https://i.imgur.com/vsemTob.jpg&quot; alt=&quot;Imgur&quot; /&gt;
- 兴趣爱好: 阅读, 篮球, 足球, 羽毛球, 旅行
- 摄影作品展览
&lt;!--more--&gt;&lt;/p&gt;

&lt;h4 id=&quot;section-1&quot;&gt;中世纪古镇&lt;/h4&gt;
&lt;ol&gt;
  &lt;li&gt;&lt;script type=&quot;math/tex&quot;&gt;\downarrow&lt;/script&gt; 湖光
&lt;img src=&quot;http://i.imgur.com/iv16nJa.jpg&quot; alt=&quot;Imgur&quot; /&gt;
&lt;!--more--&gt;&lt;/li&gt;
  &lt;li&gt;&lt;script type=&quot;math/tex&quot;&gt;\downarrow&lt;/script&gt; 湖光
&lt;img src=&quot;http://i.imgur.com/NT1m8JQ.jpg&quot; alt=&quot;Imgur&quot; /&gt;
&lt;img src=&quot;http://i.imgur.com/5G07Yk2.jpg&quot; alt=&quot;Imgur&quot; /&gt;&lt;/li&gt;
  &lt;li&gt;&lt;script type=&quot;math/tex&quot;&gt;\downarrow&lt;/script&gt; 老桥 
&lt;img src=&quot;http://i.imgur.com/xLOYMxF.jpg&quot; alt=&quot;Imgur&quot; /&gt;&lt;/li&gt;
  &lt;li&gt;&lt;script type=&quot;math/tex&quot;&gt;\downarrow&lt;/script&gt; 老车
&lt;img src=&quot;http://i.imgur.com/N4BjIYt.jpg&quot; alt=&quot;Imgur&quot; /&gt;&lt;/li&gt;
  &lt;li&gt;&lt;script type=&quot;math/tex&quot;&gt;\downarrow&lt;/script&gt; 金三角 
&lt;img src=&quot;http://i.imgur.com/OvezyVc.jpg&quot; alt=&quot;Imgur&quot; /&gt;&lt;/li&gt;
&lt;/ol&gt;
</description>
        <pubDate>2018-03-06 00:00:00 +0800</pubDate>
        <link>http://dangzhongwebsite.github.io/学生风采/2018/03/06/%5B%E5%AD%A6%E7%94%9F%E9%A3%8E%E9%87%87%5D-%E6%9D%8E%E9%9B%B7.html</link>
        <guid isPermaLink="true">http://dangzhongwebsite.github.io/学生风采/2018/03/06/%5B%E5%AD%A6%E7%94%9F%E9%A3%8E%E9%87%87%5D-%E6%9D%8E%E9%9B%B7.html</guid>
        
        <category>学生风采</category>
        
        
        <category>学生风采</category>
        
      </item>
    
      <item>
        <title> [学生风采]-Lucy</title>
        <description>&lt;hr /&gt;

&lt;h3 id=&quot;lucy-&quot;&gt;Lucy 简介&lt;/h3&gt;

&lt;ul&gt;
  &lt;li&gt;大家好! 我是来自英国的留学生Lucy, 很高兴认识大家, 初次见面, 请多多指教!&lt;/li&gt;
  &lt;li&gt;兴趣爱好: 美食, 旅游, 健身&lt;/li&gt;
  &lt;li&gt;旅游作品展示&lt;/li&gt;
&lt;/ul&gt;

&lt;!--more--&gt;
&lt;ol&gt;
  &lt;li&gt;&lt;script type=&quot;math/tex&quot;&gt;\downarrow&lt;/script&gt; 美丽的风车
&lt;img src=&quot;http://i.imgur.com/ldrVoO9.jpg&quot; alt=&quot;Imgur&quot; /&gt;&lt;/li&gt;
  &lt;li&gt;&lt;script type=&quot;math/tex&quot;&gt;\downarrow&lt;/script&gt; 再来一个
&lt;img src=&quot;http://i.imgur.com/TdUJiaF.jpg&quot; alt=&quot;Imgur&quot; /&gt;&lt;/li&gt;
  &lt;li&gt;&lt;script type=&quot;math/tex&quot;&gt;\downarrow&lt;/script&gt; 真好看
&lt;img src=&quot;http://i.imgur.com/HbBa2Js.jpg&quot; alt=&quot;Imgur&quot; /&gt;&lt;/li&gt;
&lt;/ol&gt;
</description>
        <pubDate>2018-03-05 00:00:00 +0800</pubDate>
        <link>http://dangzhongwebsite.github.io/学生风采/2018/03/05/%5B%E5%AD%A6%E7%94%9F%E9%A3%8E%E9%87%87%5D-Lucy.html</link>
        <guid isPermaLink="true">http://dangzhongwebsite.github.io/学生风采/2018/03/05/%5B%E5%AD%A6%E7%94%9F%E9%A3%8E%E9%87%87%5D-Lucy.html</guid>
        
        <category>学生风采</category>
        
        
        <category>学生风采</category>
        
      </item>
    
      <item>
        <title> 2018年度班级工作计划</title>
        <description>&lt;hr /&gt;

&lt;hr /&gt;

&lt;h3 id=&quot;section&quot;&gt;1. 班级工作计划&lt;/h3&gt;

&lt;ul&gt;
  &lt;li&gt;计划一 … …&lt;/li&gt;
  &lt;li&gt;计划二 … …&lt;/li&gt;
&lt;/ul&gt;

</description>
        <pubDate>2018-01-02 00:00:00 +0800</pubDate>
        <link>http://dangzhongwebsite.github.io/工作计划/2018/01/02/%E5%B7%A5%E4%BD%9C%E8%AE%A1%E5%88%92.html</link>
        <guid isPermaLink="true">http://dangzhongwebsite.github.io/工作计划/2018/01/02/%E5%B7%A5%E4%BD%9C%E8%AE%A1%E5%88%92.html</guid>
        
        <category>工作计划</category>
        
        
        <category>工作计划</category>
        
      </item>
    
      <item>
        <title> [作文欣赏]-看沙漏</title>
        <description>&lt;h3 id=&quot;section&quot;&gt;小邵童鞋的&lt;看沙漏&gt;&lt;/看沙漏&gt;&lt;/h3&gt;
&lt;!--more--&gt;
&lt;iframe src=&quot;https://www.dapenti.com/blog/more.asp?name=xilei&amp;amp;id=129851&quot; style=&quot;width:900px; height:1000px;&quot; frameborder=&quot;0&quot;&gt;&lt;/iframe&gt;

</description>
        <pubDate>2017-12-13 00:00:00 +0800</pubDate>
        <link>http://dangzhongwebsite.github.io/高考资源/2017/12/13/%E5%B0%8F%E9%82%B5-%E7%9C%8B%E6%B2%99%E6%BC%8F.html</link>
        <guid isPermaLink="true">http://dangzhongwebsite.github.io/高考资源/2017/12/13/%E5%B0%8F%E9%82%B5-%E7%9C%8B%E6%B2%99%E6%BC%8F.html</guid>
        
        <category>高考资源</category>
        
        
        <category>高考资源</category>
        
      </item>
    
      <item>
        <title> [高考资源]-新东方在线</title>
        <description>&lt;p&gt;&lt;a href=&quot;http://bbs.koolearn.com/f-100582-1.html&quot;&gt;新东方高考&lt;/a&gt;&lt;/p&gt;

&lt;h3 id=&quot;section&quot;&gt;2017各省市各科目试题及答案&lt;/h3&gt;
&lt;!--more--&gt;
&lt;iframe src=&quot;http://bbs.koolearn.com/t-4859935-1-1.html?a_id=ff80808138fed9e801390002fcd60001&amp;amp;kid=ff8080814ecbf647014ecd6927062648&amp;amp;ctx=&amp;amp;basePath=http%3A%2F%2Fun.koolearn.com%3A80%2F&quot; style=&quot;width:900px; height:1000px;&quot; frameborder=&quot;0&quot;&gt;&lt;/iframe&gt;

</description>
        <pubDate>2017-12-12 00:00:00 +0800</pubDate>
        <link>http://dangzhongwebsite.github.io/高考资源/2017/12/12/%5B%E9%AB%98%E8%80%83%E8%B5%84%E6%BA%90%5D-%E6%96%B0%E4%B8%9C%E6%96%B9%E5%9C%A8%E7%BA%BF.html</link>
        <guid isPermaLink="true">http://dangzhongwebsite.github.io/高考资源/2017/12/12/%5B%E9%AB%98%E8%80%83%E8%B5%84%E6%BA%90%5D-%E6%96%B0%E4%B8%9C%E6%96%B9%E5%9C%A8%E7%BA%BF.html</guid>
        
        <category>高考资源</category>
        
        
        <category>高考资源</category>
        
      </item>
    
      <item>
        <title>砀山中学百科</title>
        <description>&lt;h3 id=&quot;section&quot;&gt;砀山中学百科&lt;/h3&gt;
&lt;!--more--&gt;
&lt;iframe src=&quot;https://baike.baidu.com/item/%E5%AE%89%E5%BE%BD%E7%9C%81%E7%A0%80%E5%B1%B1%E4%B8%AD%E5%AD%A6/6368124?fromtitle=%E7%A0%80%E5%B1%B1%E4%B8%AD%E5%AD%A6&amp;amp;fromid=2308918&quot; style=&quot;width:900px; height:1000px;&quot; frameborder=&quot;0&quot;&gt;&lt;/iframe&gt;
</description>
        <pubDate>2017-12-10 00:00:00 +0800</pubDate>
        <link>http://dangzhongwebsite.github.io/百科/2017/12/10/%E7%A0%80%E5%B1%B1%E4%B8%AD%E5%AD%A6%E7%99%BE%E7%A7%91.html</link>
        <guid isPermaLink="true">http://dangzhongwebsite.github.io/百科/2017/12/10/%E7%A0%80%E5%B1%B1%E4%B8%AD%E5%AD%A6%E7%99%BE%E7%A7%91.html</guid>
        
        <category>百科</category>
        
        
        <category>百科</category>
        
      </item>
    
  </channel>
</rss>
